{"cameraMode":{"drawMode":0,"name":"Shaded","section":"Shading Mode"},"sceneLighting":true,"audioPlay":false,"sceneViewState":{"showFog":true,"showMaterialUpdate":false,"showSkybox":true,"showFlares":true,"showImageEffects":true,"showParticleSystems":true},"in2DMode":false,"pivot":{"x":-3.5291428565979006,"y":3.4562435150146486,"z":-1.3972883224487305},"rotation":{"x":0.6670142412185669,"y":0.12213984876871109,"z":-0.11285697668790817,"w":0.7265177369117737},"size":10.680963516235352,"orthographic":false}